TIMESTAMP,HR,TEMP,Sleep_Stage,Index,Custom
7195,68.52,29.59,W,719500,0
7200,68.35,29.57,W,720000,0
7205,67.92,29.43,W,720500,0
7210,67.8,29.35,W,721000,0
7215,67.4,29.15,W,721500,0
7220,66.78,29.55,W,722000,0
7225,66.35,29.57,W,722500,0
7230,65.63,29.57,W,723000,0
7235,65.07,29.59,W,723500,0
7240,65.43,29.59,W,724000,0
7245,66.37,29.57,W,724500,0
7250,66.73,29.59,W,725000,0
7255,66.28,29.61,W,725500,0
7260,65.38,29.61,W,726000,0
7265,64.78,29.65,W,726500,0
7270,64.25,29.65,W,727000,0
7275,64.72,29.65,W,727500,0
7280,65,29.69,W,728000,0
7285,64.65,29.69,W,728500,0
7290,63.75,29.63,W,729000,0
7295,63.4,29.63,W,729500,0
7300,64.2,29.69,W,730000,0
7305,65.35,29.69,W,730500,0
7310,66.88,29.71,W,731000,0
7315,67.5,29.67,W,731500,0
7320,68.08,29.67,W,732000,0
7325,68.3,29.67,W,732500,0
7330,67.4,29.69,W,733000,0
7335,66.63,29.65,W,733500,0
7340,67.5,29.65,W,734000,0
7345,69.33,29.61,W,734500,0
7350,70.45,29.67,W,735000,0
7355,71.2,29.67,W,735500,0
7360,71.32,29.63,W,736000,0
7365,70.5,29.63,W,736500,0
7370,69.67,29.65,W,737000,0
7375,70.3,29.65,W,737500,0
7380,71.23,29.67,W,738000,0
7385,71.95,29.65,W,738500,0
7390,73.73,29.61,W,739000,0
7395,75,29.59,W,739500,0
7400,75.27,29.63,W,740000,0
7405,74.8,29.63,W,740500,0
7410,74.87,29.61,W,741000,0
7415,74.38,29.57,W,741500,0
7420,73.65,29.59,W,742000,0
7425,73.45,29.57,W,742500,0
7430,73.08,29.55,W,743000,0
7435,71.78,29.55,W,743500,0
7440,70.57,29.53,W,744000,0
7445,70.88,29.51,W,744500,0
7450,72.75,29.55,W,745000,0
7455,74.2,29.53,W,745500,0
7460,76.15,29.51,W,746000,0
7465,78.68,29.47,W,746500,0
7470,81.47,29.49,W,747000,0
7475,84.87,29.49,W,747500,0
7480,88.32,29.49,W,748000,0
7485,91.12,29.47,W,748500,0
7490,93.77,29.47,W,749000,0
7495,96.67,29.51,W,749500,0
7500,99.67,29.47,W,750000,0
7505,101.9,29.55,W,750500,0
7510,103.47,29.47,W,751000,0
7515,105.88,29.43,W,751500,0
7520,108.12,29.43,W,752000,0
7525,110.15,29.39,W,752500,0
7530,110.83,29.51,W,753000,0
7535,110.85,29.51,W,753500,0
7540,111.03,29.51,W,754000,0
7545,111.35,29.49,W,754500,0
7550,112,29.51,W,755000,0
7555,112.58,29.49,W,755500,0
7560,112.48,29.51,W,756000,0
7565,111.95,29.51,W,756500,0
7570,110.37,29.51,W,757000,0
7575,107.52,29.55,W,757500,0
7580,104.47,29.53,W,758000,0
7585,101.23,29.51,W,758500,0
7590,98.78,29.51,W,759000,0
7595,96.9,29.51,W,759500,0
7600,94.82,29.49,W,760000,0
7605,92.47,29.49,W,760500,0
7610,89.73,29.49,W,761000,0
7615,86.97,29.49,W,761500,0
7620,85.05,29.49,W,762000,0
7625,82.93,29.51,W,762500,0
7630,81.15,29.49,W,763000,0
7635,79.98,29.55,W,763500,0
7640,78.8,29.59,W,764000,0
7645,77.88,29.53,W,764500,0
7650,77.35,29.47,W,765000,0
7655,76.2,29.51,W,765500,0
7660,74.93,29.49,W,766000,0
7665,74.18,29.49,W,766500,0
7670,74.08,29.47,W,767000,0
7675,74.18,29.47,W,767500,0
7680,73.9,29.47,W,768000,0
7685,73.88,29.47,W,768500,0
7690,73.37,29.51,W,769000,0
7695,72.8,29.47,W,769500,0
7700,70.58,29.43,W,770000,0
7705,68.88,29.43,W,770500,0
7710,68.7,29.45,W,771000,0
7715,69.5,29.43,W,771500,0
7720,70.57,29.39,W,772000,0
7725,73.13,29.37,W,772500,0
7730,75,29.37,W,773000,0
7735,77.08,29.37,W,773500,0
7740,78.85,29.39,W,774000,0
7745,80.25,29.39,W,774500,0
7750,81.75,29.37,W,775000,0
7755,81.98,29.39,W,775500,0
7760,83.88,29.35,W,776000,0
7765,84.95,29.39,W,776500,0
7770,84.45,29.39,W,777000,0
7775,83.58,29.39,W,777500,0
7780,82.68,29.37,W,778000,0
7785,80.28,29.33,W,778500,0
7790,78.22,29.41,W,779000,0
7795,75.93,29.39,W,779500,0
7800,74.12,29.39,W,780000,0
7805,72.85,29.37,W,780500,0
7810,71.9,29.39,W,781000,0
7815,72.23,29.35,W,781500,0
7820,72.48,29.31,W,782000,0
7825,72.23,29.29,W,782500,0
7830,71.93,29.31,W,783000,0
7835,72.87,29.31,W,783500,0
7840,72.87,29.35,W,784000,0
7845,72.23,29.35,W,784500,0
7850,71.38,29.31,W,785000,0
7855,71.02,29.31,W,785500,0
7860,70.37,29.35,W,786000,0
7865,69.32,29.35,W,786500,0
7870,68.25,29.33,W,787000,0
7875,67.63,29.35,W,787500,0
7880,66.77,29.35,W,788000,0
7885,67,29.33,W,788500,0
7890,67.73,29.35,W,789000,0
7895,67.3,29.35,W,789500,0
7900,66.42,29.35,W,790000,0
7905,66.47,29.35,W,790500,0
7910,67.33,29.35,W,791000,0
7915,67.83,29.37,W,791500,0
7920,67.8,29.33,W,792000,0
7925,68.5,29.31,W,792500,0
7930,69.22,29.31,W,793000,0
7935,70.07,29.29,W,793500,0
7940,71.43,29.31,W,794000,0
7945,73.68,29.31,W,794500,0
7950,74.1,29.29,W,795000,0
7955,73.58,29.29,W,795500,0
7960,74.33,29.33,W,796000,0
7965,75,29.31,W,796500,0
7970,74.5,29.29,W,797000,0
7975,74.13,29.31,W,797500,0
7980,74.63,29.33,W,798000,0
7985,73.98,29.31,W,798500,0
7990,72.02,29.35,W,799000,0
7995,69.7,29.31,W,799500,0
8000,67.92,29.33,W,800000,0
8005,65.13,29.25,W,800500,0
8010,63.73,29.31,W,801000,0
8015,62.62,29.37,W,801500,0
8020,61.82,29.49,W,802000,0
8025,61.2,29.77,W,802500,0
8030,62.22,29.71,W,803000,0
8035,63.12,29.87,W,803500,0
8040,64.37,30.03,W,804000,0
8045,65.93,30.11,W,804500,0
8050,68.12,30.07,W,805000,0
8055,69.98,29.95,W,805500,0
8060,71,30.13,W,806000,0
8065,71.63,29.93,W,806500,0
8070,72.55,29.93,W,807000,0
8075,74,30.03,W,807500,0
8080,75.47,30.07,W,808000,0
8085,76.53,30.13,W,808500,0
8090,76.77,30.17,W,809000,0
8095,76.8,29.81,W,809500,0
8100,76.6,29.93,W,810000,0
8105,77.08,30.01,W,810500,0
8110,78,29.89,W,811000,0
8115,78.63,29.93,W,811500,0
8120,78.72,30.11,W,812000,0
8125,78.77,29.95,W,812500,0
8130,78.62,29.81,W,813000,0
8135,78.77,29.85,W,813500,0
8140,78.9,29.89,W,814000,0
8145,79.12,29.89,W,814500,0
8150,79.13,29.91,W,815000,0
8155,79.28,29.93,W,815500,0
8160,78.97,30.03,W,816000,0
8165,80.65,29.99,W,816500,0
8170,82.05,29.83,W,817000,0
8175,82.85,29.83,W,817500,0
8180,82.88,29.83,W,818000,0
8185,83.13,29.83,W,818500,0
8190,83.58,29.81,W,819000,0
8195,83.65,29.79,W,819500,0
8200,83.37,29.81,W,820000,0
8205,82.75,29.79,W,820500,0
8210,82.07,29.79,W,821000,0
8215,81.17,29.79,W,821500,0
8220,80.42,29.81,W,822000,0
8225,77.17,29.79,W,822500,0
8230,74.38,29.79,W,823000,0
8235,72.85,29.79,W,823500,0
8240,72.53,29.75,W,824000,0
8245,72.3,29.75,W,824500,0
8250,72,29.75,W,825000,0
8255,71.75,29.77,W,825500,0
8260,71.55,29.75,W,826000,0
8265,71.27,29.75,W,826500,0
8270,71.08,29.75,W,827000,0
8275,70.9,29.77,W,827500,0
8280,70.9,29.79,W,828000,0
8285,71.23,29.77,W,828500,0
8290,71.47,29.77,W,829000,0
8295,71.4,29.77,W,829500,0
8300,71.32,29.77,W,830000,0
8305,71.3,29.77,W,830500,0
8310,71.33,29.77,W,831000,0
8315,71.23,29.81,W,831500,0
8320,71.92,29.71,W,832000,0
8325,72.83,29.75,W,832500,0
8330,73.23,29.77,W,833000,0
8335,73.35,29.77,W,833500,0
8340,73.05,29.81,W,834000,0
8345,72.45,29.83,W,834500,0
8350,72.05,29.81,W,835000,0
8355,71.87,29.83,W,835500,0
8360,71.73,29.83,W,836000,0
8365,71.73,29.81,W,836500,0
8370,71.7,29.87,W,837000,0
8375,71.7,29.85,W,837500,0
8380,70.95,29.85,W,838000,0
8385,70.12,29.87,W,838500,0
8390,69.78,29.85,W,839000,0
8395,69.88,29.87,W,839500,0
8400,70.5,29.87,W,840000,0
8405,71.02,29.89,W,840500,0
8410,71.43,29.89,W,841000,0
8415,72.15,29.91,W,841500,0
8420,72.75,29.95,W,842000,0
8425,72.57,29.93,W,842500,0
8430,72.57,29.95,W,843000,0
8435,72.83,29.97,W,843500,0
8440,72.85,29.99,W,844000,0
8445,72.77,30.01,W,844500,0
8450,72.72,30.01,W,845000,0
8455,72.6,30.05,W,845500,0
8460,72.27,30.01,W,846000,0
8465,72.08,30.01,W,846500,0
8470,71.92,30.01,W,847000,0
8475,71.75,30.13,W,847500,0
8480,71.9,30.01,W,848000,0
8485,72.28,29.99,W,848500,0
8490,72.4,29.99,W,849000,0
8495,71.95,29.99,W,849500,0
8500,71.85,30.01,W,850000,0
8505,72.22,30.01,W,850500,0
8510,72.93,29.99,W,851000,0
8515,72.93,30.01,W,851500,0
8520,72.92,30.05,W,852000,0
8525,72.85,30.03,W,852500,0
8530,72.7,29.97,W,853000,0
8535,72.3,29.97,W,853500,0
8540,71.78,30.01,W,854000,0
8545,71.77,30.01,W,854500,0
8550,71.7,29.99,W,855000,0
8555,71.87,29.97,W,855500,0
8560,71.97,29.97,W,856000,0
8565,71.68,29.99,W,856500,0
8570,70.95,29.99,W,857000,0
8575,70.9,30.01,W,857500,0
8580,70.65,30.01,W,858000,0
8585,70.35,30.01,W,858500,0
8590,70.42,30.01,W,859000,0
8595,70.67,30.01,W,859500,0
8600,70.78,30.03,W,860000,0
8605,70.27,30.03,W,860500,0
8610,69.98,30.03,W,861000,0
8615,70.32,30.07,W,861500,0
8620,70.53,30.03,W,862000,0
8625,70.4,30.03,W,862500,0
8630,70.17,30.05,W,863000,0
8635,69.97,30.05,W,863500,0
8640,70.05,30.01,W,864000,0
8645,70.5,30.03,W,864500,0
8650,70.52,30.01,W,865000,0
8655,70.02,30.01,W,865500,0
8660,69.75,30.01,W,866000,0
8665,70.52,30.01,W,866500,0
8670,71.08,29.99,W,867000,0
8675,70.63,29.99,W,867500,0
8680,70.05,29.99,W,868000,0
8685,69.82,30.01,W,868500,0
8690,69.8,30.03,W,869000,0
8695,69.6,30.05,W,869500,0
8700,69.37,30.05,W,870000,0
8705,68.97,30.07,W,870500,0
8710,68.67,30.09,W,871000,0
8715,68.72,30.09,W,871500,0
8720,68.7,30.17,W,872000,0
8725,67.97,30.15,W,872500,0
8730,67.45,30.17,W,873000,0
8735,67.55,30.13,W,873500,0
8740,69.07,30.15,W,874000,0
8745,71.85,30.23,W,874500,0
8750,75.28,30.25,W,875000,0
8755,79.33,30.25,W,875500,0
8760,82.47,30.29,W,876000,0
8765,82.58,30.27,W,876500,0
8770,82.92,30.29,W,877000,0
8775,83.23,30.31,W,877500,0
8780,83.58,30.31,W,878000,0
8785,84.18,30.37,W,878500,0
8790,84.47,30.27,W,879000,0
8795,85.4,30.33,W,879500,0
8800,85.2,30.31,W,880000,0
8805,82.9,30.33,W,880500,0
8810,79.8,30.35,W,881000,0
8815,76.23,30.33,W,881500,0
8820,73.53,30.37,W,882000,0
8825,73.7,30.39,W,882500,0
8830,73.65,30.43,W,883000,0
8835,73.55,30.39,W,883500,0
8840,73.27,30.43,W,884000,0
8845,73.03,30.45,W,884500,0
8850,72.93,30.45,W,885000,0
8855,72.27,30.45,W,885500,0
8860,71.53,30.49,W,886000,0
8865,71.4,30.49,W,886500,0
8870,71.15,30.47,W,887000,0
8965,68.9,30.67,W,896500,0
8970,68.77,30.67,W,897000,0
8975,68.68,30.65,W,897500,0
8980,68.62,30.67,W,898000,0
8985,68.75,30.67,W,898500,0
8990,69.27,30.67,W,899000,0
9265,72.63,30.99,W,926500,0
9270,72.03,31.01,W,927000,0
9275,71.92,31.03,W,927500,0
9280,72.32,31.01,W,928000,0
9285,72.68,31.03,W,928500,0
9290,72.97,31.01,W,929000,0
9295,73.63,31.31,W,929500,0
9300,75.22,31.31,W,930000,0
9305,76.67,31.29,W,930500,0
9310,77.75,31.27,W,931000,0
9315,79.53,31.29,W,931500,0
9320,81.43,31.27,W,932000,0
9325,83.08,31.29,W,932500,0
9330,84.83,31.31,W,933000,0
9335,86.75,31.13,W,933500,0
9340,88.32,31.17,W,934000,0
9345,89.47,31.19,W,934500,0
9350,90.82,31.13,W,935000,0
9355,91.97,31.19,W,935500,0
9360,92.73,31.19,W,936000,0
9365,93.57,31.19,W,936500,0
9370,95.32,31.15,W,937000,0
9375,96.67,31.17,W,937500,0
9380,95.72,31.17,W,938000,0
11275,64.78,31.77,W,1127500,0
11280,64.78,31.77,W,1128000,0
11285,64.72,31.79,W,1128500,0
11290,64.65,31.79,W,1129000,0
11295,64.65,31.79,W,1129500,0
11300,65.8,31.77,W,1130000,0
11305,67.58,31.77,W,1130500,0
11310,68.88,31.81,W,1131000,0
11315,69.45,31.83,W,1131500,0
11320,69.78,31.77,W,1132000,0
11325,69.95,31.81,W,1132500,0
11330,70.3,31.41,W,1133000,0
14335,69.82,32.65,W,1433500,0
14340,69.67,32.63,W,1434000,0
14345,69.53,32.65,W,1434500,0
14350,69.43,32.65,W,1435000,0
14355,69.42,32.66,W,1435500,0
14360,69.47,32.66,W,1436000,0
14425,70.98,32.63,W,1442500,0
14430,70.58,32.63,W,1443000,0
14435,70.58,32.61,W,1443500,0
14440,70.75,32.61,W,1444000,0
14445,70.62,32.61,W,1444500,0
14450,70.35,32.61,W,1445000,0
14575,69.33,32.55,W,1457500,0
14580,69.82,32.53,W,1458000,0
14585,70.17,32.55,W,1458500,0
14590,69.88,32.53,W,1459000,0
14595,69.55,32.53,W,1459500,0
14600,69.82,32.53,W,1460000,0
14635,72.02,32.55,R,1463500,0
14640,71.67,32.55,R,1464000,0
14645,70.97,32.57,R,1464500,0
14650,70.93,32.53,R,1465000,0
14655,71.37,32.53,R,1465500,0
14660,71.83,32.55,R,1466000,0
14665,71.65,32.53,R,1466500,0
14670,70.4,32.53,R,1467000,0
14675,69.22,32.5,R,1467500,0
14680,68.83,32.47,R,1468000,0
14685,68.87,32.43,R,1468500,0
14690,68.5,32.41,R,1469000,0
14695,68.45,32.39,R,1469500,0
14700,68.53,32.41,R,1470000,0
14705,68.33,32.37,R,1470500,0
14710,68.2,32.34,R,1471000,0
14715,68.12,32.33,R,1471500,0
14720,67.65,32.33,R,1472000,0
14725,67.32,32.31,R,1472500,0
14730,67.75,32.33,R,1473000,0
14735,68,32.31,R,1473500,0
14740,67.92,32.34,R,1474000,0
14745,67.9,32.34,R,1474500,0
14750,68.52,32.33,R,1475000,0
14755,68.12,32.34,R,1475500,0
14760,67.45,32.37,R,1476000,0
14765,67.62,32.34,R,1476500,0
14770,67.88,32.34,R,1477000,0
14775,67.65,32.37,R,1477500,0
14780,67.53,32.39,R,1478000,0
14785,67.87,32.39,R,1478500,0
14790,67.83,32.37,R,1479000,0
14795,67.6,32.37,R,1479500,0
14800,67.7,32.39,R,1480000,0
14805,68,32.39,R,1480500,0
14810,67.67,32.37,R,1481000,0
14815,68.07,32.37,R,1481500,0
14820,68.88,32.37,R,1482000,0
14825,68.6,32.37,R,1482500,0
14830,68,32.37,R,1483000,0
14835,67.95,32.37,R,1483500,0
14840,67.83,32.39,R,1484000,0
14845,67.75,32.37,R,1484500,0
14850,68.15,32.37,R,1485000,0
14855,68.4,32.34,R,1485500,0
14860,68.17,32.39,R,1486000,0
14865,67.9,32.37,R,1486500,0
14870,68.08,32.37,R,1487000,0
14875,68.13,32.34,R,1487500,0
14880,68.2,32.34,R,1488000,0
14885,68.98,32.37,R,1488500,0
14890,69.53,32.37,R,1489000,0
14895,69.53,32.37,R,1489500,0
14900,69.63,32.37,R,1490000,0
14905,69.77,32.41,R,1490500,0
14910,69.52,32.37,R,1491000,0
14915,69.83,32.34,R,1491500,0
14920,69.53,32.37,R,1492000,0
14925,68.82,32.37,R,1492500,0
14930,68.32,32.37,R,1493000,0
17755,66.2,32.11,W,1775500,0
17760,66.15,32.09,W,1776000,0
17765,65.93,32.07,W,1776500,0
17770,65.43,32.07,W,1777000,0
17775,65.33,32.07,W,1777500,0
17780,66.13,32.03,W,1778000,0
17815,67.77,32.03,W,1781500,0
17820,68,32.03,W,1782000,0
17825,68.53,32,W,1782500,0
17830,69.07,32.05,W,1783000,0
17835,69.02,32.03,W,1783500,0
17840,68.4,32.15,W,1784000,0
18115,63.62,32.15,W,1811500,0
18120,63.35,32.15,W,1812000,0
18125,62.92,32.15,W,1812500,0
18130,62.85,32.16,W,1813000,0
18135,62.92,32.16,W,1813500,0
18140,62.93,32.15,W,1814000,0
18205,66.52,32.15,R,1820500,0
18210,66.07,32.15,R,1821000,0
18215,64.85,32.13,R,1821500,0
18220,63.27,32.15,R,1822000,0
18225,62.17,32.16,R,1822500,0
18230,61.9,32.16,R,1823000,0
18235,61.6,32.15,R,1823500,0
18240,61.18,32.15,R,1824000,0
18245,61.35,32.16,R,1824500,0
18250,61.7,32.15,R,1825000,0
18255,62,32.16,R,1825500,0
18260,62.38,32.13,R,1826000,0
18265,62.7,32.15,R,1826500,0
18270,62.8,32.15,R,1827000,0
18275,62.77,32.15,R,1827500,0
18280,62.82,32.11,R,1828000,0
18285,62.95,32.13,R,1828500,0
18290,63.13,32.18,R,1829000,0
18295,63.27,32.16,R,1829500,0
18300,62.85,32.16,R,1830000,0
18305,62.45,32.16,R,1830500,0
18310,63.05,32.15,R,1831000,0
18315,62.97,32.15,R,1831500,0
18320,61.92,32.15,R,1832000,0
18325,61.47,32.16,R,1832500,0
18330,61.75,32.13,R,1833000,0
18335,62.4,32.15,R,1833500,0
18340,63.07,32.15,R,1834000,0
18345,63.33,32.13,R,1834500,0
18350,63.28,32.15,R,1835000,0
18355,63.32,32.15,R,1835500,0
18360,63.82,32.13,R,1836000,0
18365,64.15,32.15,R,1836500,0
18370,63.42,32.13,R,1837000,0
18375,63.25,32.15,R,1837500,0
18380,64.1,32.16,R,1838000,0
18385,64.58,32.31,R,1838500,0
18390,64.3,32.33,R,1839000,0
18395,64.2,32.25,R,1839500,0
18400,64,32.21,R,1840000,0
18405,62.85,32.18,R,1840500,0
18410,61.6,32.18,R,1841000,0
18415,60.85,32.23,W,1841500,0
18420,60.58,32.23,W,1842000,0
18425,60.8,32.23,W,1842500,0
18430,61.43,32.23,W,1843000,0
18435,61.92,32.29,W,1843500,0
18440,61.88,32.29,W,1844000,0
18445,62.17,32.25,R,1844500,0
18450,63.27,32.21,R,1845000,0
18455,63.9,32.18,R,1845500,0
18460,64.72,32.18,R,1846000,0
18465,65.55,32.18,R,1846500,0
18470,65.9,32.21,R,1847000,0
18475,66.02,32.21,R,1847500,0
18480,65.83,32.18,R,1848000,0
18485,65.62,32.18,R,1848500,0
18490,65.33,32.21,R,1849000,0
18495,64.57,32.18,R,1849500,0
18500,63.6,32.16,R,1850000,0
18505,62.37,32.15,R,1850500,0
18510,60.75,32.18,R,1851000,0
18515,59.55,32.16,R,1851500,0
18520,58.85,32.18,R,1852000,0
18525,58.92,32.15,R,1852500,0
18530,58.85,32.16,R,1853000,0
18535,59.57,32.15,R,1853500,0
18540,60.07,32.16,R,1854000,0
18545,59.8,32.13,R,1854500,0
18550,60.03,32.15,R,1855000,0
18555,60.82,32.18,R,1855500,0
18560,61.52,32.16,R,1856000,0
18565,61.77,32.13,R,1856500,0
18570,62.07,32.16,R,1857000,0
18575,61.73,32.13,R,1857500,0
18580,61.3,32.15,R,1858000,0
18585,61.33,32.18,R,1858500,0
18590,62,32.16,R,1859000,0
18595,61.45,32.15,R,1859500,0
18600,60.93,32.15,R,1860000,0
18605,61.2,32.18,R,1860500,0
18610,60.92,32.16,R,1861000,0
18615,60.62,32.18,R,1861500,0
18620,61.02,32.21,R,1862000,0
18625,61.68,32.15,W,1862500,0
18630,62.15,32.16,W,1863000,0
18635,62.67,32.16,W,1863500,0
18640,62.57,32.16,W,1864000,0
18645,62.48,32.16,W,1864500,0
18650,62.52,32.18,W,1865000,0
18655,62.62,32.25,R,1865500,0
18660,62.57,32.31,R,1866000,0
18665,64.42,32.21,R,1866500,0
18670,66.33,32.18,R,1867000,0
18675,67.82,32.18,R,1867500,0
18680,67.85,32.21,R,1868000,0
18685,67.03,32.21,R,1868500,0
18690,66.43,32.21,R,1869000,0
18695,66.12,32.18,R,1869500,0
18700,66.33,32.18,R,1870000,0
18705,66.67,32.16,R,1870500,0
18710,66.33,32.16,R,1871000,0
18715,66.57,32.16,W,1871500,0
18720,67.08,32.18,W,1872000,0
18725,65.6,32.18,W,1872500,0
18730,63.75,32.16,W,1873000,0
18735,61.87,32.15,W,1873500,0
18740,62,32.18,W,1874000,0
18745,62.1,32.15,R,1874500,0
18750,61.82,32.16,R,1875000,0
18755,62.08,32.16,R,1875500,0
18760,62.35,32.15,R,1876000,0
18765,62.13,32.16,R,1876500,0
18770,62.4,32.15,R,1877000,0
18775,62.2,32.16,R,1877500,0
18780,61.68,32.16,R,1878000,0
18785,61.13,32.16,R,1878500,0
18790,61.4,32.18,R,1879000,0
18795,62.33,32.15,R,1879500,0
18800,62.23,32.16,R,1880000,0
18805,62.73,32.21,R,1880500,0
18810,63.28,32.18,R,1881000,0
18815,63.45,32.21,R,1881500,0
18820,63.4,32.21,R,1882000,0
18825,63.32,32.21,R,1882500,0
18830,63.48,32.21,R,1883000,0
18835,63.63,32.23,R,1883500,0
18840,63.3,32.18,R,1884000,0
18845,62.78,32.18,R,1884500,0
18850,62.07,32.18,R,1885000,0
18855,61.25,32.18,R,1885500,0
18860,60.73,32.21,R,1886000,0
18865,60.52,32.18,R,1886500,0
18870,60.23,32.18,R,1887000,0
18875,60.05,32.21,R,1887500,0
18880,59.95,32.16,R,1888000,0
18885,59.67,32.18,R,1888500,0
18890,59.43,32.16,R,1889000,0
18895,59.45,32.21,R,1889500,0
18900,59.93,32.15,R,1890000,0
18905,60.68,32.16,R,1890500,0
18910,61.23,32.16,R,1891000,0
18915,61.48,32.18,R,1891500,0
18920,61.92,32.21,R,1892000,0
18925,62.4,32.18,R,1892500,0
18930,62.52,32.18,R,1893000,0
18935,62.43,32.16,R,1893500,0
18940,62.25,32.18,R,1894000,0
18945,62.13,32.18,R,1894500,0
18950,62.2,32.16,R,1895000,0
18955,62.38,32.16,R,1895500,0
18960,63.03,32.15,R,1896000,0
18965,63.63,32.16,R,1896500,0
18970,63.82,32.15,R,1897000,0
18975,63.95,32.18,R,1897500,0
18980,63.7,32.18,R,1898000,0
18985,63.2,32.18,R,1898500,0
18990,63.1,32.18,R,1899000,0
18995,63.02,32.15,R,1899500,0
19000,62.83,32.15,R,1900000,0
19005,62.85,32.25,R,1900500,0
19010,62.37,32.15,R,1901000,0
19015,61.15,32.13,R,1901500,0
19020,59.97,32.11,R,1902000,0
19025,59.32,32.09,R,1902500,0
19030,58.83,32.09,R,1903000,0
19035,58.73,32.09,R,1903500,0
19040,59.1,32.07,R,1904000,0
19045,59.38,32.09,R,1904500,0
19050,59.28,32.09,R,1905000,0
19055,58.97,32.11,R,1905500,0
19060,59.28,32.09,R,1906000,0
19065,59.35,32.07,R,1906500,0
19070,59.67,32.07,R,1907000,0
19075,60.85,32.07,R,1907500,0
19080,61.93,32.05,R,1908000,0
19085,62.42,32.07,R,1908500,0
19090,62.52,32.07,R,1909000,0
19095,62.33,32.09,R,1909500,0
19100,62.47,32.05,R,1910000,0
19105,63.03,32.07,R,1910500,0
19110,63.62,32.11,R,1911000,0
19115,64.23,32.09,R,1911500,0
19120,64.32,32.11,R,1912000,0
19125,64.67,32.13,R,1912500,0
19130,65.05,32.11,R,1913000,0
20995,63.35,32.33,W,2099500,0
21000,63.48,32.33,W,2100000,0
21005,63.53,32.21,W,2100500,0
21010,63.45,32.39,W,2101000,0
21015,63.32,32.45,W,2101500,0
21020,63.67,32.43,W,2102000,0
22435,63.98,31.83,W,2243500,0
22440,64.1,31.87,W,2244000,0
22445,64.25,31.81,W,2244500,0
22450,64.52,31.85,W,2245000,0
22455,65.15,31.83,W,2245500,0
22460,65.78,31.85,W,2246000,0
22465,66.07,31.81,W,2246500,0
22470,66.43,31.81,W,2247000,0
22475,66.98,31.81,W,2247500,0
22480,67.42,31.81,W,2248000,0
22485,67.75,31.77,W,2248500,0
22490,68.58,31.81,W,2249000,0
22495,69.55,31.81,W,2249500,0
22500,70.03,31.93,W,2250000,0
22505,70.45,31.97,W,2250500,0
22510,71.07,31.95,W,2251000,0
22515,71.3,31.89,W,2251500,0
22520,73.42,31.93,W,2252000,0
22525,75.83,31.95,W,2252500,0
22530,77.83,31.97,W,2253000,0
22535,79.55,31.97,W,2253500,0
22540,80.92,31.95,W,2254000,0
22545,81.5,31.95,W,2254500,0
22550,80.38,31.95,W,2255000,0
22555,79.1,31.91,W,2255500,0
22560,78.8,31.93,W,2256000,0
22565,78.77,31.93,W,2256500,0
22570,78.32,31.91,W,2257000,0
22575,77.38,31.91,W,2257500,0
22580,74.43,31.91,W,2258000,0
22585,71.87,31.95,W,2258500,0
22590,69.42,31.91,W,2259000,0
22595,66.83,31.93,W,2259500,0
22600,64.8,31.97,W,2260000,0
22605,64.1,31.93,W,2260500,0
22610,64.55,31.97,W,2261000,0
23755,65.52,32.16,W,2375500,0
23760,65.38,32.15,W,2376000,0
23765,65.38,32.13,W,2376500,0
23770,65.47,32.13,W,2377000,0
23775,65.57,32.13,W,2377500,0
23780,65.53,32.09,W,2378000,0
23785,65.4,32.07,W,2378500,0
23790,65.35,32.09,W,2379000,0
23795,65.35,32.13,W,2379500,0
23800,64.92,32.09,W,2380000,0
23805,64,32.11,W,2380500,0
23810,64.65,32.11,W,2381000,0
24025,62.95,32.05,R,2402500,0
24030,62.65,32.05,R,2403000,0
24035,62.27,32.07,R,2403500,0
24040,62.15,32.05,R,2404000,0
24045,62.07,32.07,R,2404500,0
24050,62.1,32.07,R,2405000,0
24055,62.4,32.05,R,2405500,0
24060,62.6,32.07,R,2406000,0
24065,62.65,32.05,R,2406500,0
24070,62.87,32.07,R,2407000,0
24075,62.8,32.09,R,2407500,0
24080,62.12,32.07,R,2408000,0
24085,61.65,32.07,R,2408500,0
24090,61.63,32.09,R,2409000,0
24095,61.08,32.07,R,2409500,0
24100,60.47,32.05,R,2410000,0
24105,60.3,32.07,R,2410500,0
24110,60.4,32.07,R,2411000,0
24115,60.28,32.07,R,2411500,0
24120,59.85,32.05,R,2412000,0
24125,59.75,32.05,R,2412500,0
24130,59.9,32.05,R,2413000,0
24135,60.13,32.03,R,2413500,0
24140,60.6,32.03,R,2414000,0
24145,60.63,32.03,R,2414500,0
24150,60.62,32.03,R,2415000,0
24155,61.08,32.03,R,2415500,0
24160,61.2,32,R,2416000,0
24165,61.18,32,R,2416500,0
24170,61.32,32,R,2417000,0
24175,61.33,31.99,R,2417500,0
24180,61.38,31.99,R,2418000,0
24185,61.38,31.95,R,2418500,0
24190,60.47,31.97,R,2419000,0
24195,59.5,31.97,R,2419500,0
24200,59.23,31.97,R,2420000,0
24205,59.73,31.95,R,2420500,0
24210,60.33,31.95,R,2421000,0
24215,61.15,31.95,R,2421500,0
24220,61.98,31.95,R,2422000,0
24225,62.22,31.95,R,2422500,0
24230,61.97,31.93,R,2423000,0
24235,62.23,31.91,R,2423500,0
24240,62.7,31.93,R,2424000,0
24245,62.55,31.93,R,2424500,0
24250,63.07,31.89,R,2425000,0
24255,64.02,31.91,R,2425500,0
24260,64.32,31.91,R,2426000,0
24265,64.58,31.91,R,2426500,0
24270,64.57,31.91,R,2427000,0
24275,63.33,31.91,R,2427500,0
24280,62.2,31.91,R,2428000,0
24285,61.35,31.89,R,2428500,0
24290,60.98,31.89,R,2429000,0
24295,60.78,31.89,R,2429500,0
24300,60.85,31.89,R,2430000,0
24305,61.22,31.89,R,2430500,0
24310,61.28,31.91,R,2431000,0
24315,61.15,31.91,R,2431500,0
24320,61.12,31.89,R,2432000,0
24325,60.42,31.91,R,2432500,0
24330,60.28,31.89,R,2433000,0
24335,60.8,31.87,R,2433500,0
24340,61.52,31.89,R,2434000,0
24345,62.45,31.89,R,2434500,0
24350,63.1,31.85,R,2435000,0
24355,62.88,31.85,R,2435500,0
24360,62.05,31.87,R,2436000,0
24365,61.35,31.87,R,2436500,0
24370,61.05,31.83,R,2437000,0
24375,60.52,31.87,R,2437500,0
24380,60.32,31.85,R,2438000,0
24385,60.62,31.83,R,2438500,0
24390,59.95,31.81,R,2439000,0
24395,59.42,31.83,R,2439500,0
24400,59.05,31.81,R,2440000,0
24405,58.45,31.79,R,2440500,0
24410,57.5,31.79,R,2441000,0
24415,57.48,31.75,R,2441500,0
24420,58.33,31.77,R,2442000,0
24425,59.17,31.79,R,2442500,0
24430,59.65,31.77,R,2443000,0
24435,60.12,31.75,R,2443500,0
24440,60.13,31.77,R,2444000,0
24445,59.68,31.77,R,2444500,0
24450,59.53,31.75,R,2445000,0
24455,60.1,31.77,R,2445500,0
24460,60.82,31.75,R,2446000,0
24465,61.38,31.75,R,2446500,0
24470,61.75,31.75,R,2447000,0
24475,61.72,31.75,R,2447500,0
24480,61.38,31.75,R,2448000,0
24485,61.02,31.73,R,2448500,0
24490,60.85,31.79,R,2449000,0
24495,60.53,31.79,R,2449500,0
24500,59.88,31.77,R,2450000,0
24505,59.43,31.77,R,2450500,0
24510,59.63,31.75,R,2451000,0
24515,60.37,31.77,R,2451500,0
24520,60.43,31.75,R,2452000,0
24525,60.05,31.75,R,2452500,0
24530,60.38,31.73,R,2453000,0
24535,60.92,31.75,R,2453500,0
24540,61.45,31.73,R,2454000,0
24545,61.85,31.71,R,2454500,0
24550,61.88,31.57,R,2455000,0
24555,62.02,31.45,R,2455500,0
24560,62.53,31.39,R,2456000,0
24565,62.62,31.37,R,2456500,0
24570,62.83,31.31,R,2457000,0
24575,62.87,31.29,R,2457500,0
24580,62.27,31.27,R,2458000,0
24585,62.32,31.23,R,2458500,0
24590,62.45,31.21,R,2459000,0
24595,62.13,31.23,R,2459500,0
24600,61.92,31.19,R,2460000,0
24605,62.07,31.19,R,2460500,0
24610,62.3,31.21,R,2461000,0
24615,62.57,31.17,R,2461500,0
24620,63.08,31.17,R,2462000,0
24625,64.05,31.17,R,2462500,0
24630,64.53,31.19,R,2463000,0
24635,64.75,31.17,R,2463500,0
24640,65.53,31.15,R,2464000,0
24645,65.07,31.13,R,2464500,0
24650,64.22,31.17,R,2465000,0
24655,64.8,31.15,R,2465500,0
24660,64.28,31.15,R,2466000,0
24665,63.22,31.17,R,2466500,0
24670,62.87,31.15,R,2467000,0
24675,62.87,31.17,R,2467500,0
24680,62.57,31.15,R,2468000,0
24685,61.85,31.11,R,2468500,0
24690,61.42,31.17,R,2469000,0
24695,60.83,31.15,R,2469500,0
24700,60.5,31.13,R,2470000,0
24705,61.43,31.13,R,2470500,0
24710,62.65,31.15,R,2471000,0
24715,62.37,31.13,R,2471500,0
24720,62.33,31.13,R,2472000,0
24725,62.25,31.15,R,2472500,0
24730,61.53,31.13,R,2473000,0
24735,61.07,31.13,R,2473500,0
24740,60.7,31.11,R,2474000,0
24745,60.88,31.09,R,2474500,0
24750,60.92,31.11,R,2475000,0
24755,60.87,31.11,R,2475500,0
24760,60.27,31.13,R,2476000,0
24765,59.88,31.13,R,2476500,0
24770,59.47,31.13,R,2477000,0
24775,59.55,31.13,R,2477500,0
24780,60.37,31.15,R,2478000,0
24785,61.32,31.15,R,2478500,0
24790,61.83,31.15,R,2479000,0
24795,61.42,31.17,R,2479500,0
24800,60.68,31.17,R,2480000,0
24805,60.57,31.19,R,2480500,0
24810,60.43,31.19,R,2481000,0
24815,60.62,31.21,R,2481500,0
24820,61.55,31.23,R,2482000,0
24825,61.8,31.25,R,2482500,0
24830,61.47,31.25,R,2483000,0
24835,60.97,31.25,W,2483500,0
24840,60.45,31.27,W,2484000,0
24845,60.3,31.95,W,2484500,0
24850,60.65,31.41,W,2485000,0
24855,61.27,31.25,W,2485500,0
24860,62.57,31.55,W,2486000,0
24865,64.13,31.51,W,2486500,0
24870,65.82,31.85,W,2487000,0
24875,66.77,31.47,W,2487500,0
24880,67.17,31.63,W,2488000,0
24885,68.6,31.75,W,2488500,0
24890,70.58,31.83,W,2489000,0
24895,72.17,31.69,W,2489500,0
24900,73.62,31.65,W,2490000,0
24905,75.02,31.29,W,2490500,0
24910,76.72,31.17,W,2491000,0
24915,78.82,31.19,W,2491500,0
24920,80.6,31.11,W,2492000,0
24925,81.67,31.11,W,2492500,0
24930,82.57,31.05,W,2493000,0
24935,83.77,31.11,W,2493500,0
24940,84.57,31.33,W,2494000,0
24945,84.2,31.17,W,2494500,0
24950,83.42,31.11,W,2495000,0
24955,82.85,31.57,W,2495500,0
24960,82.27,30.85,W,2496000,0
24965,81.53,31.01,W,2496500,0
24970,80.2,31.11,W,2497000,0
24975,78.75,31.05,W,2497500,0
24980,77.23,31.19,W,2498000,0
24985,75.93,30.93,W,2498500,0
24990,74.5,31.63,W,2499000,0
24995,72.8,31.67,W,2499500,0
25000,71.8,31.49,W,2500000,0
25005,70.5,31.17,W,2500500,0
25010,69.42,30.97,W,2501000,0
25015,68.53,31.07,W,2501500,0
25020,68.35,31.13,W,2502000,0
25025,67.98,31.23,W,2502500,0
25030,68.48,31.23,W,2503000,0
25035,68.55,31.23,W,2503500,0
25040,69.08,31.23,W,2504000,0
25045,69.03,31.11,W,2504500,0
25050,69.18,31.29,W,2505000,0
25055,69.77,31.33,W,2505500,0
25060,70.32,31.29,W,2506000,0
25065,71.73,31.31,W,2506500,0
25070,73.33,31.29,W,2507000,0
25075,74.38,31.35,W,2507500,0
25080,75.05,31.35,W,2508000,0
25085,75.93,31.33,W,2508500,0
25090,75.53,31.37,W,2509000,0
25095,75.13,31.37,W,2509500,0
25100,74.43,31.33,W,2510000,0
25105,73.95,31.35,W,2510500,0
25110,73.27,31.37,W,2511000,0
25115,72.47,31.35,W,2511500,0
25120,72.05,31.35,W,2512000,0
25125,71.83,31.39,W,2512500,0
25130,71.1,31.35,W,2513000,0
25135,70.55,31.39,W,2513500,0
25140,69.65,31.39,W,2514000,0
25145,68.73,31.39,W,2514500,0
25150,68.45,31.39,W,2515000,0
25155,68.52,31.41,W,2515500,0
25160,68.48,31.41,W,2516000,0
25165,68.22,31.41,W,2516500,0
25170,68.02,31.41,W,2517000,0
25175,67.92,31.39,W,2517500,0
25180,67.67,31.41,W,2518000,0
25185,67.15,31.41,W,2518500,0
25190,67.2,31.41,W,2519000,0
25195,67.37,31.41,W,2519500,0
25200,67.38,31.45,W,2520000,0
25205,67.47,31.41,W,2520500,0
25210,67.55,31.41,W,2521000,0
25215,67.75,31.43,W,2521500,0
25220,68.12,31.41,W,2522000,0
25225,68.45,31.41,W,2522500,0
25230,68.6,31.43,W,2523000,0
25235,68.73,31.43,W,2523500,0
25240,69.17,31.43,W,2524000,0
25245,69.23,31.43,W,2524500,0
25250,68.47,31.43,W,2525000,0
27715,63.77,32.18,W,2771500,0
27720,63.78,32.15,W,2772000,0
27725,63.67,32.16,W,2772500,0
27730,63.63,32.16,W,2773000,0
27735,63.63,32.15,W,2773500,0
27740,63.6,32.16,W,2774000,0
27745,63.27,32.15,R,2774500,0
27750,63.05,32.16,R,2775000,0
27755,63.17,31.95,R,2775500,0
27760,63.05,31.95,R,2776000,0
27765,63,31.91,R,2776500,0
27770,63.42,31.87,R,2777000,0
27775,63.15,31.85,R,2777500,0
27780,62.42,31.85,R,2778000,0
27785,61.78,31.81,R,2778500,0
27790,61.22,31.81,R,2779000,0
27795,61.12,31.77,R,2779500,0
27800,60.98,31.77,R,2780000,0
27805,60.7,31.79,R,2780500,0
27810,60.85,31.75,R,2781000,0
27815,61.12,31.75,R,2781500,0
27820,61.25,31.75,R,2782000,0
27825,60.95,31.73,R,2782500,0
27830,60.33,31.73,R,2783000,0
27835,60.8,31.73,R,2783500,0
27840,61.92,31.73,R,2784000,0
27845,62.45,31.69,R,2784500,0
27850,62.85,31.77,R,2785000,0
27855,62.63,31.73,R,2785500,0
27860,62.42,31.75,R,2786000,0
27865,62.32,31.73,R,2786500,0
27870,61.9,31.73,R,2787000,0
27875,61.07,31.71,R,2787500,0
27880,60,31.73,R,2788000,0
27885,59.05,31.73,R,2788500,0
27890,58.33,31.73,R,2789000,0
27895,57.45,31.75,R,2789500,0
27900,56.75,31.73,R,2790000,0
27905,56.82,31.71,R,2790500,0
27910,56.75,31.73,R,2791000,0
27915,56.98,31.77,R,2791500,0
27920,57.38,31.75,R,2792000,0
27925,57.9,31.73,R,2792500,0
27930,58.28,31.75,R,2793000,0
27935,58.93,31.73,R,2793500,0
27940,60.02,31.73,R,2794000,0
27945,61.23,31.75,R,2794500,0
27950,62.08,31.77,R,2795000,0
27955,62.7,31.75,R,2795500,0
27960,63.32,31.77,R,2796000,0
27965,63.75,31.77,R,2796500,0
27970,64.2,31.75,R,2797000,0
27975,64.32,31.77,R,2797500,0
27980,63.97,31.75,R,2798000,0
27985,63.72,31.77,R,2798500,0
27990,63.75,31.75,R,2799000,0
27995,64.03,31.75,R,2799500,0
28000,64.42,31.77,R,2800000,0
28005,64.65,31.77,R,2800500,0
28010,65.02,31.79,R,2801000,0
28015,65.38,31.77,R,2801500,0
28020,65.43,31.77,R,2802000,0
28025,65.28,31.79,R,2802500,0
28030,65.12,31.79,R,2803000,0
28035,64.93,31.79,R,2803500,0
28040,65,31.79,R,2804000,0
28045,65.02,31.81,R,2804500,0
28050,64.8,31.79,R,2805000,0
28055,64.5,31.81,R,2805500,0
28060,64.23,31.81,R,2806000,0
28065,64.27,31.81,R,2806500,0
28070,64.5,31.79,R,2807000,0
28075,64.9,31.81,R,2807500,0
28080,65.2,31.81,R,2808000,0
28085,65.53,31.81,R,2808500,0
28090,66.12,31.83,R,2809000,0
28095,66.83,31.83,R,2809500,0
28100,67.42,31.83,R,2810000,0
28105,67.75,31.83,R,2810500,0
28110,67.78,31.85,R,2811000,0
28115,68.05,31.85,R,2811500,0
28120,68.45,31.83,R,2812000,0
28125,68.5,31.83,R,2812500,0
28130,68.23,31.85,R,2813000,0
28135,67.78,31.85,R,2813500,0
28140,67.6,31.85,R,2814000,0
28145,67.67,31.83,R,2814500,0
28150,67.55,31.85,R,2815000,0
28155,67.35,31.83,R,2815500,0
28160,67.3,31.87,R,2816000,0
28165,67.47,31.87,R,2816500,0
28170,67.93,31.85,R,2817000,0
28175,68.03,31.83,R,2817500,0
28180,67.85,31.85,R,2818000,0
28185,67.75,31.85,R,2818500,0
28190,67.48,31.87,R,2819000,0
28195,67.15,31.87,R,2819500,0
28200,66.88,31.89,R,2820000,0
28205,66.53,31.87,R,2820500,0
28210,66.08,31.87,R,2821000,0
28215,65.68,31.89,R,2821500,0
28220,65.45,31.87,R,2822000,0
28225,65.23,31.89,R,2822500,0
28230,65.13,31.83,R,2823000,0
28235,65.2,31.89,R,2823500,0
28240,65.43,31.89,R,2824000,0
28245,65.95,31.87,R,2824500,0
28250,66.82,31.89,R,2825000,0
28255,67.68,31.87,R,2825500,0
28260,68.42,31.89,R,2826000,0
28265,69.13,31.89,R,2826500,0
28270,69.65,31.89,R,2827000,0
28275,69.93,31.91,R,2827500,0
28280,70.03,31.89,R,2828000,0
28285,70.23,31.89,R,2828500,0
28290,70.4,31.87,R,2829000,0
28295,70.53,31.91,R,2829500,0
28300,70.57,31.91,R,2830000,0
28305,70.28,31.91,R,2830500,0
28310,69.5,31.93,R,2831000,0
28315,68.53,31.89,R,2831500,0
28320,67.73,31.93,R,2832000,0
28325,67,31.91,R,2832500,0
28330,66.55,31.93,R,2833000,0
28335,66.37,31.93,R,2833500,0
28340,66.33,31.95,R,2834000,0
28345,66.4,31.91,R,2834500,0
28350,66.6,31.91,R,2835000,0
28355,66.72,31.95,R,2835500,0
28360,66.8,31.91,R,2836000,0
28365,67.17,31.91,R,2836500,0
28370,68.2,31.91,R,2837000,0
28375,69.23,31.93,R,2837500,0
28380,69.83,31.93,R,2838000,0
28385,70.33,31.91,R,2838500,0
28390,70.85,31.93,R,2839000,0
28395,71.37,31.91,R,2839500,0
28400,71.65,31.91,R,2840000,0
28405,71.27,31.91,R,2840500,0
28410,70.45,31.93,R,2841000,0
28415,69.83,31.91,R,2841500,0
28420,69.47,31.91,R,2842000,0
28425,68.97,31.91,R,2842500,0
28430,68,31.93,R,2843000,0
28435,67.25,31.93,R,2843500,0
28440,66.78,31.93,R,2844000,0
28445,66.27,31.93,R,2844500,0
28450,66.18,31.91,R,2845000,0
28455,66.25,31.91,R,2845500,0
28460,66.4,31.93,R,2846000,0
28465,66.97,31.93,R,2846500,0
28470,67.6,31.91,R,2847000,0
28475,68.02,31.93,R,2847500,0
28480,67.8,31.93,R,2848000,0
28485,67.27,31.91,R,2848500,0
28490,66.85,31.93,R,2849000,0
28495,66.45,31.93,R,2849500,0
28500,66.25,31.95,R,2850000,0
28505,66.32,31.93,R,2850500,0
28510,66.05,31.91,R,2851000,0
28515,65.3,31.91,R,2851500,0
28520,64.98,31.91,R,2852000,0
28525,64.83,31.93,R,2852500,0
28530,64.87,31.93,R,2853000,0
28535,64.9,31.95,R,2853500,0
28540,65.02,31.97,R,2854000,0
28545,65.18,31.95,R,2854500,0
28550,65.53,31.97,R,2855000,0
28555,66.03,31.93,R,2855500,0
28560,66.42,31.93,R,2856000,0
28565,66.62,31.93,R,2856500,0
28570,66.77,31.95,R,2857000,0
28575,67.47,31.95,R,2857500,0
28580,67.88,31.95,R,2858000,0
28585,68.17,31.93,R,2858500,0
28590,68.28,31.97,R,2859000,0
28595,68.35,31.93,R,2859500,0
28600,68.87,31.95,R,2860000,0
28605,69.68,31.93,R,2860500,0
28610,70.28,31.95,R,2861000,0
28615,70.6,31.95,R,2861500,0
28620,70.72,31.97,R,2862000,0
28625,70.77,31.95,R,2862500,0
28630,70.57,31.95,R,2863000,0
28635,70.15,31.93,R,2863500,0
28640,69.85,31.95,R,2864000,0
28645,69.67,31.95,R,2864500,0
28650,69.82,31.97,R,2865000,0
28655,70.13,31.99,R,2865500,0
28660,70.17,31.95,R,2866000,0
28665,70.1,31.95,R,2866500,0
28670,70.4,32,R,2867000,0
28675,70.77,31.99,R,2867500,0
28680,71.1,31.97,R,2868000,0
28685,71.55,31.97,R,2868500,0
28690,72.23,31.95,R,2869000,0
28695,72.92,31.97,R,2869500,0
28700,73.43,31.99,R,2870000,0
28705,73.8,31.99,R,2870500,0
28710,74.02,31.99,R,2871000,0
28715,74.2,31.99,R,2871500,0
28720,74.7,32,R,2872000,0
28725,75.27,31.99,R,2872500,0
28730,75.47,31.99,R,2873000,0
28735,75.62,31.99,R,2873500,0
28740,75.68,31.99,R,2874000,0
28745,76.67,31.99,R,2874500,0
28750,77.87,31.97,R,2875000,0
28755,78.75,32,R,2875500,0
28760,78.27,32,R,2876000,0
28765,77.53,32,R,2876500,0
28770,76.8,31.99,R,2877000,0
28775,76.05,31.99,R,2877500,0
28780,75.35,31.99,R,2878000,0
28785,74.52,31.97,R,2878500,0
28790,73.43,32,R,2879000,0
28795,72.55,32,R,2879500,0
28800,72.12,31.99,R,2880000,0
28805,70.77,32,R,2880500,0
28810,69.17,32,R,2881000,0
28815,68.08,32,R,2881500,0
28820,68.32,32,R,2882000,0
28825,68.53,32,R,2882500,0
28830,68.58,32.03,R,2883000,0
28835,68.6,32,R,2883500,0
28840,68.37,32,R,2884000,0
28845,68.27,31.99,R,2884500,0
28850,69.48,32,R,2885000,0
28855,69.72,31.99,R,2885500,0
28860,68.92,32,R,2886000,0
28865,68.67,32,R,2886500,0
28870,68.7,32,R,2887000,0
28875,68.58,32,R,2887500,0
28880,68.22,32,R,2888000,0
28885,67.78,32,R,2888500,0
28890,67.08,32,R,2889000,0
28895,66.33,32.03,R,2889500,0
28900,66.15,32,R,2890000,0
28905,66.23,32.03,R,2890500,0
28910,65.32,32,R,2891000,0
28915,65.28,32.03,R,2891500,0
28920,66.12,32.03,R,2892000,0
28925,66.43,32.03,R,2892500,0
28930,66.5,32,R,2893000,0
28935,66.62,32,R,2893500,0
28940,66.95,32.03,R,2894000,0
28945,67.6,32.03,R,2894500,0
28950,68.7,32.05,R,2895000,0
28955,69.8,32.05,R,2895500,0
28960,70.42,32.05,R,2896000,0
28965,70.78,32.03,R,2896500,0
28970,70.78,32.05,R,2897000,0
28975,70.58,32.05,R,2897500,0
28980,70.55,32.05,R,2898000,0
28985,70.55,32.03,R,2898500,0
28990,70.55,32.07,R,2899000,0
28995,70.43,32.07,R,2899500,0
29000,70.3,32.03,R,2900000,0
29005,70.17,32.03,R,2900500,0
29010,69.93,32.03,R,2901000,0
29015,69.78,32.05,R,2901500,0
29020,69.58,32.05,R,2902000,0
29025,69.23,32.05,R,2902500,0
29030,69.32,32.05,R,2903000,0
29035,69.75,32.05,R,2903500,0
29040,69.83,32.03,R,2904000,0
29045,69.7,32.03,R,2904500,0
29050,70.25,32.03,R,2905000,0
29055,70.98,32.07,R,2905500,0
29060,71.4,32.05,R,2906000,0
29065,71.6,32.05,R,2906500,0
29070,71.58,32.05,R,2907000,0
29075,71.22,32.07,R,2907500,0
29080,70.92,32.07,R,2908000,0
29085,70.93,32.07,R,2908500,0
29090,71.05,32.05,R,2909000,0
29095,71.22,32.07,R,2909500,0
29100,71.55,32.05,R,2910000,0
29105,71.82,32.07,R,2910500,0
29110,71.38,32.07,R,2911000,0
29115,70.82,32.09,R,2911500,0
29120,70.07,32.07,R,2912000,0
29125,69.15,32.07,R,2912500,0
29130,70.82,32.07,R,2913000,0
29135,72.33,32.09,R,2913500,0
29140,72.12,32.09,R,2914000,0
29145,72.03,32.07,R,2914500,0
29150,71.87,32.05,R,2915000,0
29155,71.47,32.07,R,2915500,0
29160,70.9,32.07,R,2916000,0
29165,70.3,32.07,R,2916500,0
29170,69.48,32.05,R,2917000,0
29175,68.97,32.07,R,2917500,0
29180,68.87,32.07,R,2918000,0
29185,69.12,32.07,R,2918500,0
29190,67.15,32.07,R,2919000,0
29195,65.83,32.07,R,2919500,0
29200,66.4,32.07,R,2920000,0
29205,66.47,32.07,R,2920500,0
29210,66.28,32.07,R,2921000,0
29215,66.12,32.05,R,2921500,0
29220,66.17,32.07,R,2922000,0
29225,66.53,32.07,R,2922500,0
29230,67.15,32.07,R,2923000,0
29235,67.48,32.05,R,2923500,0
29240,67.83,32.05,R,2924000,0
29245,68.18,32.05,R,2924500,0
29250,68.4,32.05,R,2925000,0
29255,68.5,32.05,R,2925500,0
29260,68.47,32.07,R,2926000,0
29265,68.62,32.03,R,2926500,0
29270,68.88,32.03,R,2927000,0
29275,69.27,32.03,R,2927500,0
29280,69.63,32.05,R,2928000,0
29285,69.6,32.07,R,2928500,0
29290,69.4,32.05,R,2929000,0
29295,69.33,32.05,R,2929500,0
29300,69.37,32.03,R,2930000,0
29305,69.48,32.05,R,2930500,0
29310,69.45,32.03,R,2931000,0
29315,69.27,32,R,2931500,0
29320,69.03,32.05,R,2932000,0
29325,68.82,32,R,2932500,0
29330,68.65,32.03,R,2933000,0
29335,68.38,32.03,R,2933500,0
29340,68.07,32,R,2934000,0
29345,68.07,32,R,2934500,0
29350,68.32,32.03,R,2935000,0
29355,68.43,32,R,2935500,0
29360,68.53,32,R,2936000,0
31465,64.45,31.97,W,3146500,0
31470,64.57,31.93,W,3147000,0
31475,64.57,31.95,W,3147500,0
31480,64.47,31.95,W,3148000,0
31485,64.33,31.93,W,3148500,0
31490,64.3,32.09,W,3149000,0
31495,64.5,32,W,3149500,0
31500,64.78,32,W,3150000,0
31505,64.92,32,W,3150500,0
31510,65,31.99,W,3151000,0
31515,64.62,32,W,3151500,0
31520,64.5,32.11,W,3152000,0
31525,64.87,32.13,W,3152500,0
31530,65.22,32.07,W,3153000,0
31535,65.03,31.95,W,3153500,0
31540,64.82,32.11,W,3154000,0
31545,64.98,32.11,W,3154500,0
31550,65.63,32.13,W,3155000,0
31555,66.65,32.15,W,3155500,0
31560,68.03,32.13,W,3156000,0
31565,69.17,32.13,W,3156500,0
31570,70.1,32.15,W,3157000,0
31575,71.75,32.15,W,3157500,0
31580,72.82,32.16,W,3158000,0
31585,72.67,32.15,W,3158500,0
31590,72.32,32.15,W,3159000,0
31595,72.65,32.15,W,3159500,0
31600,73.2,32.15,W,3160000,0
31605,72.97,32.15,W,3160500,0
31610,72,32.15,W,3161000,0
31615,70.9,32.16,W,3161500,0
31620,69.78,32.16,W,3162000,0
31625,69.2,32.15,W,3162500,0
31630,68.58,32.18,W,3163000,0
31635,67.4,32.15,W,3163500,0
31640,66.45,32.13,W,3164000,0
31645,66.02,32.13,W,3164500,0
31650,66.05,32.13,W,3165000,0
31655,66.25,32.13,W,3165500,0
31660,66.43,32.09,W,3166000,0
31665,67.32,32.07,W,3166500,0
31670,68.32,32.05,W,3167000,0
31675,69.6,32.07,W,3167500,0
31680,71.07,32.15,W,3168000,0
31685,71.72,31.97,W,3168500,0
31690,72.5,31.97,W,3169000,0
31695,73.9,32,W,3169500,0
31700,75.37,32,W,3170000,0
31705,76.17,32,W,3170500,0
31710,76.27,32.05,W,3171000,0
31715,75.68,32.05,W,3171500,0
31720,74.72,32.03,W,3172000,0
31725,73.65,32.05,W,3172500,0
31730,73.67,32.03,W,3173000,0
31735,73.92,32.05,W,3173500,0
31740,73.67,32.03,W,3174000,0
31745,72.88,32.05,W,3174500,0
31750,72.18,32.03,W,3175000,0
31755,71,32.05,W,3175500,0
31760,70,32.03,W,3176000,0
31765,69.93,32.03,W,3176500,0
31770,70.48,32.05,W,3177000,0
31775,71.32,32.07,W,3177500,0
31780,72.57,32.07,W,3178000,0
31785,73.35,31.95,W,3178500,0
31790,72.63,31.87,W,3179000,0
31795,71.47,32.07,W,3179500,0
31800,70.47,32.16,W,3180000,0
31805,70.75,32.16,W,3180500,0
31810,71.1,32.16,W,3181000,0
31815,71.63,32.18,W,3181500,0
31820,71.95,32.18,W,3182000,0
31825,72.28,32.21,W,3182500,0
31830,72.17,32.18,W,3183000,0
31835,72.05,32.18,W,3183500,0
31840,72.23,32.21,W,3184000,0
31845,72.47,32.18,W,3184500,0
31850,72.22,32.18,W,3185000,0
31855,71.67,32.16,W,3185500,0
31860,71.15,32.18,W,3186000,0
31865,70.63,32.16,W,3186500,0
31870,70.2,32.18,W,3187000,0
31875,69.65,32.16,W,3187500,0
31880,69.05,32.09,W,3188000,0
31885,68.58,32.21,W,3188500,0
31890,68.77,32.21,W,3189000,0
31895,68.7,32.23,W,3189500,0
31900,68.47,32.23,W,3190000,0
31905,69.23,32.25,W,3190500,0
31910,71.42,32.23,W,3191000,0
31915,73.2,32.23,W,3191500,0
31920,72.93,32.21,W,3192000,0
31925,72.42,32.23,W,3192500,0
31930,71.98,32.25,W,3193000,0
31935,71.73,32.23,W,3193500,0
31940,71.5,32.25,W,3194000,0
31975,66.15,32.18,W,3197500,0
31980,66.82,32.18,W,3198000,0
31985,67,32.18,W,3198500,0
31990,66.88,32.23,W,3199000,0
31995,66.68,32.18,W,3199500,0
32000,66.37,32.16,W,3200000,0
32035,63,32.16,W,3203500,0
32040,62.37,32.18,W,3204000,0
32045,62.38,32.15,W,3204500,0
32050,62.27,32.15,W,3205000,0
32055,61.72,32.16,W,3205500,0
32060,61.33,32.15,W,3206000,0
